Animation,Comedy,Family,Adventure,Fantasy,Romance,Drama,Action,Crime,Thriller,Horror,History,Science Fiction,Mystery,War,Foreign,Music,Documentary,Western,TV Movie
4.358351503137236,1.4228917553319467,3.3965598225493956,2.9193328889666676,3.5889644312786526,2.2918708610311826,0.9710390985296652,2.367396642740243,2.8577811897064525,2.1760925992179234,3.306821202497154,4.730320280524194,3.39487737916235,3.808794338547279,5.057562175308024,6.439271498520804,4.3291395819207485,4.303660861603826,5.721858701775997,7.9697862152195835
